,peptide_name,peptide_seq,B_POI
0,SRK-53,AQLTSSNALAQAQTG,140.08273719073432
1,SRK-50,AQNNFNASLAQAQTG,139.58855154485315
2,Dis90,AQWKNMGLQAQAQTG,104.00153240700362
3,SRK-28,AQIVSNQMSAQAQTG,99.59427943856595
4,SRK-24,AQFNSKLQLAQAQTG,95.45124061522456
5,SRK-8,AQTHDAQAWAQAQTG,94.84194599496541
6,SRK-93,AQSVSTPRGAQAQTG,89.62268402685922
7,SRK-61,AQNHMVRELAQAQTG,84.46426056288132
8,SRK-90,AQNKLTANGAQAQTG,82.94823725769547
9,SRK-74,AQIPVSIQAAQAQTG,80.96663399299902
10,SRK-78,AQTAYLEVKAQAQTG,80.63335251470635
11,SRK-64,AQVFQATRTAQAQTG,78.43554578111294
12,PHP.B,AQTLAVPFKAQAQTG,76.76067921641628
13,SRK-39,AQLGDITGFAQAQTG,76.07151629826608
14,SRK-30,AQNMKIQHVAQAQTG,74.34218300967514
15,SRK-67,AQQVPHLHSAQAQTG,73.4755542272751
16,SRK-38,AQTLYNAIHAQAQTG,69.10154607844808
17,SRK-17,AQTTMGTMLAQAQTG,68.97503413098113
