,peptide_name,peptide_seq,constrained_interface_energy_score
0,SRK-50,AQNNFNASLAQAQTG,116.4203451080994
1,SRK-53,AQLTSSNALAQAQTG,111.44963677402738
2,Dis90,AQWKNMGLQAQAQTG,83.86616680989394
3,SRK-8,AQTHDAQAWAQAQTG,75.45985637718046
4,SRK-28,AQIVSNQMSAQAQTG,74.54801149945953
5,SRK-24,AQFNSKLQLAQAQTG,71.30676591087821
6,SRK-61,AQNHMVRELAQAQTG,66.1561865888578
7,PHP.B,AQTLAVPFKAQAQTG,55.93393425199942
8,SRK-74,AQIPVSIQAAQAQTG,54.82406436119995
9,SRK-78,AQTAYLEVKAQAQTG,53.697635923122945
10,SRK-30,AQNMKIQHVAQAQTG,52.85018158104914
11,SRK-64,AQVFQATRTAQAQTG,51.365851320881916
12,SRK-39,AQLGDITGFAQAQTG,51.24311548823656
13,SRK-42,AQVRIPGALAQAQTG,49.20133466028342
14,SRK-17,AQTTMGTMLAQAQTG,48.728025476961406
15,SRK-38,AQTLYNAIHAQAQTG,48.283893780511214
16,SRK-13,AQWTEQRLVAQAQTG,47.117921458444386
17,SRK-2,AQNNSVRQLAQAQTG,45.38795698731083
18,SRK-70,AQINPGITLAQAQTG,42.49474946110396
19,SRK-29,AQPRPERMYAQAQTG,41.52770684542543
