,peptide_name,peptide_seq,B_POI
0,SRK-53,AQLTSSNALAQAQTG,173.8049598855746
1,SRK-50,AQNNFNASLAQAQTG,166.99148182627735
2,SRK-28,AQIVSNQMSAQAQTG,122.50573093425128
3,SRK-24,AQFNSKLQLAQAQTG,118.7240062492543
4,SRK-8,AQTHDAQAWAQAQTG,117.11736962627023
5,Dis90,AQWKNMGLQAQAQTG,113.28397353062107
6,SRK-78,AQTAYLEVKAQAQTG,107.396225619045
7,PHP.B,AQTLAVPFKAQAQTG,105.53052210533608
8,SRK-39,AQLGDITGFAQAQTG,104.15354525132322
9,SRK-64,AQVFQATRTAQAQTG,103.65478844611896
10,SRK-61,AQNHMVRELAQAQTG,103.53702159739105
11,SRK-74,AQIPVSIQAAQAQTG,99.05845951709091
12,SRK-38,AQTLYNAIHAQAQTG,96.66335842553823
13,SRK-17,AQTTMGTMLAQAQTG,95.09346392269023
14,SRK-93,AQSVSTPRGAQAQTG,91.6773357996381
15,SRK-42,AQVRIPGALAQAQTG,91.11901302472617
16,SRK-90,AQNKLTANGAQAQTG,85.83105705295918
17,SRK-30,AQNMKIQHVAQAQTG,84.94727670831139
18,SRK-70,AQINPGITLAQAQTG,84.15439493173469
